,,Portfolio,,,,,,,,,,,,,,,,,,,Portfolio,,,,,,,,,,,,,,,,,,,
,,Essentials Range,,,,,,,,,,,,,,,,,,,Expert Range,,,,,,,,,,,,,,,,,,,
,,Must-have portfolio,,,,,,Nice-to-have Portfolio,,,,,,,,,,,,,Must-have portfolio,,,,,,,Nice-to-have portfolio,,,,,,,,,,,,
Region,Country,,,,,,,Trading Goods,,,,,,,,,,,,,,,,,,,,,,,Trading Goods,,,,,,,,,
,,,,,,,,Seating,,Needles,Patient Preparation Sets,Syringes,Locking Solutions,,,,,,,,,,,,,,,,,,Seating,,Needles,Patient Preparation Sets,Syringes,Locking Solutions,,,,
,,5008S,Bibag,FX CorAL 00,5008 bloodlines,AquaBplus,TDMS,SALSA A2,Comfort F3,Flex Needles,Easy On/Easy Off (Finesse),Saline Syringe (BD),Prefilled Syringe (MedXL),"Citrosteril/
Puristeril/
Sporotal 100*",Acid Concentrates,Application Consultancy ,Technical Service,Portfolio Completeness,Action Needed,,6008,Bibag,FX CorAL 00,6008 CAREset,AquaA,TDMS,IDMS,CDS,"Granumix/
Smartbag",Sporotal 100,SENSA i,Comfort E4,Plus Needles,Easy On/Easy Off (Submed),Saline Syringe (BD),Prefilled Syringe (DBM Co Branded),Application Consultancy ,Technical Service,Portfolio Completeness,Action Needed
EMEA EAST,Albania,Yes,Yes,No,Yes,Yes,No,Yes,Yes,No,No,No,No,Yes,Yes,Yes,No,Partial,No,,No,Yes,No,No,No,No,No,No,No,Yes,No,No,Yes,Yes,No,currently not available,Yes,No,Partial,No
EMEA EAST,Algeria,No,Yes,No,No,No,No,Yes,Yes,No,No,No,No,No,No,No,No,Partial,HDF introduction,,No,Yes,No,No,No,No,No,Yes,Yes,Yes,No,No,No,No,No,currently not available,No,No,Partial,No
EMEA EAST,Angola,Yes,Yes,No,Yes,No,No,Yes,Yes,Yes,Yes,No,No,Yes,Yes,No,Yes,Partial,TPI - NoTO,,No,Yes,No,No,No,No,No,No,No,Yes,No,No,Yes,No,No,currently not available,No,No,Partial,No
LATAM,Argentina,Yes,Yes,Yes,Yes,Yes,Yes,No,No,No,Yes,No,No,Yes,3P/Local Alternative,Yes,Yes,Partial,No,,Yes,Yes,Yes,Yes,Yes,Yes,No,Yes,Yes,No,No,No,No,Yes,No,currently not available,Yes,Yes,Partial,No
EMEA EAST,Armenia,No,Yes,No,No,No,No,Yes,Yes,No,No,No,No,Yes,Yes,No,No,Partial,No,,No,Yes,No,No,No,No,No,No,No,Yes,No,No,No,No,No,currently not available,No,No,Partial,No
APAC,Australia,Yes,Yes,Yes,Yes,Yes,Yes,No,No,Yes,No,No,No,Yes,FME alternative (Smartbag),Yes,Yes,Partial,Evaluate TDMS introduction,,Yes,Yes,Yes,Yes,No,Yes,No,No,No,No,No,No,Yes,Yes,No,currently not available,Yes,Yes,Partial,Evaluate the introduction of CDS
DACH,Austria,Yes,Yes,Yes,Yes,Yes,yes,Yes,Yes,Yes,No,No,No,Yes,Yes,yes,Yes,Partial,No,,Yes,Yes,Yes,Yes,Yes,Yes,Yes,Yes,Yes,Yes,No,No,Yes,yes,No,currently not available,yes,Yes,Partial,No
EMEA EAST,Azerbaijan,No,Yes,No,No,No,No,Yes,Yes,Yes,No,No,No,Yes,Yes,No,No,Partial,No,,No,Yes,No,No,No,No,No,No,No,Yes,No,No,No,No,No,currently not available,No,No,Partial,No
EMEA EAST,Bahrain,Yes,Yes,Yes,Yes,Yes,Yes,Yes,Yes,Yes,No,No,No,Yes,Yes,Yes,No,Partial,TPI - NoTO,,Yes,Yes,Yes,Yes,Yes,Yes,Yes,No,No,Yes,No,No,No,Yes,No,currently not available,Yes,No,Partial,Concentrates assessment
APAC,Bangladesh,Yes,Yes,No,Yes,No,No,No,No,No,No,No,No,Yes,No,Yes,Yes,Partial,"Evaluate coral TDSM, Part, TG",,No,Yes,No,No,No,No,No,No,No,No,No,No,No,Yes,No,currently not available,Yes,Yes,Partial,No
EMEA EAST,Belarus,No,Yes,No,No,No,No,Yes,Yes,No,No,No,No,Yes,Yes,No,No,Partial,No,,No,Yes,No,No,No,No,No,No,No,Yes,No,No,No,No,No,currently not available,No,No,Partial,No
EMEA WEST,Belgium,Yes,Yes,Yes,Yes,Yes,Yes,Yes,Yes,No,No,No,No,Yes,Yes,Yes,Yes,Partial,No,,Yes,Yes,Yes,Yes,Yes,Yes,Yes,Yes,Yes,Yes,No,No,No,Yes,No,currently not available,Yes,Yes,Partial,No
LATAM,Belize,No,Yes,No,No,No,No,No,No,Yes,No,No,No,No,No,No,No,Partial,No,,No,Yes,No,No,No,No,No,No,No,No,No,No,No,No,No,currently not available,No,No,Partial,No
EMEA EAST,Benin,Yes,Yes,No,Yes,Yes,No,Yes,Yes,No,No,No,No,Yes,Yes,No,No,Partial,No,,No,Yes,No,No,No,No,No,No,No,Yes,No,No,No,No,No,currently not available,No,No,Partial,No
APAC,Bhutan (TPI),No,No,No,No,No,No,No,No,No,No,No,No,No,No,No,No,Partial,No,,No,No,No,No,No,No,No,No,No,No,No,No,No,No,No,currently not available,No,No,Partial,No
LATAM,Bolivia,No,Yes,No,Yes,No,No,No,No,Yes,No,No,No,Yes,No,No,No,Partial,Yes,,No,Yes,No,No,No,No,No,No,No,No,No,No,No,No,No,currently not available,No,No,Partial,No
EMEA EAST,Bosnia and Herzegovina - Republika Sprska,Yes,Yes,No,Yes,Yes,No,Yes,Yes,Yes,Yes,No,No,Yes,Yes,Yes,Yes,Partial,No,,No,Yes,No,No,No,No,No,No,No,Yes,No,No,No,Yes,No,currently not available,Yes,Yes,Partial,Concentrates assessment
EMEA EAST,Botswana,Yes,Yes,No,Yes,No,No,Yes,Yes,Yes,Yes,No,No,Yes,No,No,Yes,Partial,Concentrate assestment,,No,Yes,No,No,No,No,No,No,No,Yes,No,No,Yes,No,No,currently not available,No,No,Partial,No
LATAM,Brazil,Yes,Yes,Yes,Yes,Yes,Yes,No,No,Yes,No,No,No,Yes,Yes,Yes,Yes,Partial,No,,No,Yes,Yes,No,No,Yes,No,No,Yes,No,No,No,No,Yes,No,currently not available,Yes,Yes,Partial,No
APAC,Brunei Darussalam (TPI),Yes,Yes,No,Yes,No,No,No,No,Yes,No,No,No,No,FME alternative (Smartbag),No,No,Partial,No,,No,Yes,No,No,No,No,No,No,No,No,No,No,No,No,No,currently not available,No,No,Partial,No
EMEA EAST,Bulgaria,Yes,Yes,No,Yes,Yes,No,Yes,Yes,No,No,No,Yes,Yes,Yes,Yes,No,Partial,No,,No,Yes,No,Yes,No,No,No,Yes,Yes,Yes,Yes,Yes,Yes,Yes,No,currently not available,Yes,No,Partial,Concentrates assessment
EMEA EAST,Burkina Faso,No,Yes,No,Yes,No,No,Yes,Yes,No,No,No,No,Yes,Yes,No,No,Partial,No,,No,Yes,No,No,No,No,No,No,No,Yes,No,No,No,No,No,currently not available,No,No,Partial,No
APAC,Cambodia (TPI),No,No,No,Yes,No,No,No,No,No,No,No,No,No,No,No,No,Partial,No,,No,No,No,No,No,No,No,No,No,No,No,No,No,No,No,currently not available,No,No,Partial,No
EMEA EAST,Cameroon,Yes,Yes,No,No,Yes,No,Yes,Yes,No,No,No,No,Yes,Yes,No,No,Partial,No,,No,Yes,No,No,No,No,No,No,No,Yes,No,No,No,No,No,currently not available,No,No,Partial,No
EMEA WEST,Canada,Yes,Yes,No,Yes,No,No,No,No,No,No,No,No,Yes,Yes,Yes,Yes,Partial,"FxCorAL launch, WTS registration, CDS assestment",,Yes,Yes,No,Yes,No,No,No,No,No,Yes,No,No,No,Yes,No,currently not available,Yes,Yes,Partial,"FxCorAL launch, WTS launch, CDS assestment"
EMEA EAST,Chad,No,Yes,No,Yes,No,No,Yes,Yes,No,No,No,No,Yes,Yes,No,No,Partial,No,,No,Yes,No,No,No,No,No,No,No,Yes,No,No,No,No,No,currently not available,No,No,Partial,No
LATAM,Chile,Yes,Yes,Yes,Yes,Yes,Yes,No,No,Yes,No,No,No,Yes,Yes,Yes,Yes,Partial,No,,No,Yes,No,No,No,Yes,No,Yes,Yes,No,No,No,No,Yes,No,currently not available,Yes,Yes,Partial,No
China & HK,China,,,,,,,,,,,,,,,,,,,,,,,,,,,,,,,,,,,,,,,
LATAM,Colombia,Yes,Yes,No,Yes,Yes,Yes,No,No,Yes,No,No,No,Yes,Yes,Yes,Yes,Partial,No,,No,Yes,Yes,No,No,Yes,No,Yes,Yes,No,No,No,No,Yes,No,currently not available,Yes,Yes,Partial,No
LATAM,Costa Rica,No,Yes,No,No,No,No,No,No,No,No,No,No,Yes,Yes,No,No,Partial,Yes,,No,Yes,No,No,No,No,No,No,No,No,No,No,No,No,No,currently not available,No,No,Partial,No
EMEA EAST,Cote d'Ivoire,No,Yes,No,No,No,No,Yes,Yes,No,No,No,No,Yes,Yes,No,No,Partial,No,,No,Yes,No,No,No,No,No,No,No,Yes,No,No,No,No,No,currently not available,No,No,Partial,No
EMEA EAST,Croatia,Yes,Yes,Yes,Yes,Yes,No,Yes,Yes,Yes,Yes,No,No,Yes,Yes,Yes,Yes,Partial,TDMS assessment,,Yes,Yes,Yes,Yes,No,No,No,Yes,Yes,Yes,No,No,Yes,Yes,No,currently not available,Yes,Yes,Partial,"CorAL assessment 
"
LATAM,Cuba,No,Yes,No,Yes,No,No,No,No,No,No,No,No,Yes,No,No,No,Partial,No,,No,Yes,Yes,No,No,No,No,No,No,No,No,No,No,No,No,currently not available,No,No,Partial,No
LATAM,Curacao,No,Yes,No,No,No,No,No,No,No,No,No,No,Yes,Yes,No,No,Partial,No,,No,Yes,No,No,No,No,No,No,No,No,No,No,No,No,No,currently not available,No,No,Partial,No
EMEA EAST,Cyprus,Yes,Yes,No,Yes,Yes,No,Yes,Yes,Yes,Yes,No,No,Yes,Yes,Yes,No,Partial,No,,No,Yes,No,No,No,No,No,No,No,Yes,No,No,Yes,Yes,No,currently not available,Yes,No,Partial,No
EMEA WEST,Czech Republic,Yes,Yes,Yes,Yes,Yes,No,Yes,Yes,Yes,Yes,No,Yes,Yes,Yes,Yes,Yes,Partial,TDMS assessment,,Yes,Yes,Yes,Yes,Yes,No,No,Yes,Yes,Yes,Yes,Yes,Yes,Yes,No,currently not available,Yes,Yes,Partial,TDMS / IDMS assessment
EMEA EAST,Democratic Republic of Congo,No,Yes,No,Yes,Yes,No,Yes,Yes,No,Yes,No,No,Yes,Yes,No,No,Partial,No,,No,Yes,No,No,No,No,No,No,No,Yes,No,No,Yes,No,No,currently not available,No,No,Partial,No
EMEA WEST,Denmark,Yes,Yes,Yes,Yes,Yes,Yes,Yes,Yes,Yes,No,No,Yes,Yes,Yes,Yes,Yes,Partial,No,,Yes,Yes,Yes,Yes,Yes,Yes,Yes,Yes,Yes,Yes,Yes,Yes,Yes,Yes,No,currently not available,Yes,Yes,Partial,CorAL assessment
LATAM,Dominican Republic,No,Yes,No,Yes,No,No,No,No,Yes,No,No,No,No,Yes,No,No,Partial,Yes,,No,Yes,No,No,No,No,No,No,No,No,No,No,No,No,No,currently not available,No,No,Partial,No
LATAM,Ecuador,Yes,Yes,Yes,Yes,Yes,Yes,No,No,Yes,No,No,No,Yes,Yes,Yes,Yes,Partial,No,,No,Yes,No,No,No,Yes,No,Yes,Yes,No,No,No,No,Yes,No,currently not available,Yes,Yes,Partial,No
EMEA EAST,Egypt,No,Yes,No,No,No,Yes,Yes,Yes,No,No,No,No,Yes,No,Yes,No,Partial,CorAL assessment,,No,Yes,No,No,No,Yes,No,No,No,Yes,No,No,No,Yes,No,currently not available,Yes,No,Partial,CorAL assessment
LATAM,El Salvador,No,Yes,No,No,No,No,No,No,Yes,No,No,No,Yes,Yes,No,No,Partial,Yes,,No,Yes,No,No,No,No,No,No,No,No,No,No,No,No,No,currently not available,No,No,Partial,No
EMEA EAST,Eritrea,No,Yes,No,No,No,No,Yes,Yes,Yes,Yes,No,No,Yes,Yes,No,No,Partial,No,,No,Yes,No,No,No,No,No,No,No,Yes,No,No,No,No,No,currently not available,No,No,Partial,No
EMEA WEST,Estonia,Yes,Yes,Yes,Yes,Yes,Yes,Yes,Yes,Yes,Yes,No,Yes,Yes,Yes,No,No,Partial,TPI - NoTO,,Yes,Yes,Yes,Yes,No,Yes,No,No,No,Yes,Yes,Yes,No,No,No,currently not available,No,No,Partial,No
EMEA EAST,Eswatini,Yes,Yes,No,Yes,No,No,Yes,Yes,Yes,Yes,No,No,Yes,No,No,Yes,Partial,No,,No,Yes,No,No,No,No,No,No,No,Yes,No,No,Yes,No,No,currently not available,No,No,Partial,No
EMEA WEST,Ethiopia,No,Yes,No,Yes,No,No,Yes,Yes,No,No,No,No,Yes,Yes,No,No,Partial,No,,No,Yes,No,No,No,No,No,No,No,Yes,No,No,No,No,No,currently not available,No,No,Partial,No
EMEA WEST,Finland,Yes,Yes,Yes,Yes,Yes,Yes,Yes,Yes,Yes,Yes,No,Yes,Yes,Yes,Yes,Yes,Partial,No,,Yes,Yes,Yes,Yes,Yes,Yes,Yes,Yes,Yes,Yes,Yes,Yes,Yes,Yes,No,currently not available,Yes,Yes,Partial,
EMEA WEST,France,Yes,Yes,Yes,Yes,Yes,No,Yes,Yes,Yes,Yes,No,Yes,Yes,Yes,Yes,Yes,Partial,TDMS assessment,,Yes,Yes,Yes,Yes,Yes,No,Yes,Yes,Yes,Yes,Yes,Yes,Yes,Yes,No,currently not available,Yes,Yes,Partial,TDMS assessment
EMEA EAST,Gabon,Yes,Yes,No,Yes,Yes,No,Yes,Yes,Yes,Yes,No,No,Yes,Yes,No,No,Partial,No,,Yes,Yes,No,Yes,No,No,No,Yes,Yes,Yes,No,No,No,No,No,currently not available,No,No,Partial,No
EMEA EAST,Gambia,No,Yes,No,No,No,No,Yes,Yes,No,No,No,No,Yes,Yes,No,No,Partial,No,,No,Yes,No,No,No,No,No,No,No,Yes,No,No,No,No,No,currently not available,No,No,Partial,No
EMEA EAST,Georgia,No,Yes,No,No,No,No,Yes,Yes,No,No,No,No,Yes,Yes,No,No,Partial,No,,No,Yes,No,No,No,No,No,No,No,Yes,No,No,No,No,No,currently not available,No,No,Partial,No
DACH,Germany,Yes,Yes,Yes,Yes,Yes,Yes,Yes,Yes,Yes,Yes,No,Yes,Yes,Yes,Yes,Yes,Partial,No,,Yes,Yes,Yes,Yes,Yes,Yes,Yes,Yes,Yes,Yes,Yes,Yes,Yes,Yes,No,currently not available,Yes,Yes,Partial,No
EMEA EAST,Ghana,Yes,Yes,No,Yes,No,No,Yes,Yes,No,No,No,No,Yes,Yes,No,Yes,Partial,No,,No,Yes,No,No,No,No,No,No,No,Yes,No,No,No,No,No,currently not available,No,No,Partial,No
EMEA WEST,Great Britain,Yes,Yes,Yes,Yes,Yes,Yes,Yes,Yes,No,No,No,Yes,Yes,Yes,Yes,Yes,Partial,No,,Yes,Yes,Yes,Yes,Yes,Yes,No,Yes,Yes,Yes,Yes,Yes,Yes,Yes,No,currently not available,Yes,Yes,Partial,IDMS assestment
EMEA EAST,Greece,Yes,Yes,No,Yes,Yes,No,Yes,Yes,Yes,Yes,No,Yes,Yes,Yes,Yes,No,Partial,No,,No,Yes,No,No,No,No,No,No,No,Yes,Yes,Yes,Yes,Yes,No,currently not available,Yes,No,Partial,No
LATAM,Guatemala,No,Yes,No,No,No,No,No,No,Yes,No,No,No,Yes,Yes,No,No,Partial,Yes,,No,Yes,No,No,No,No,No,No,No,No,No,No,No,No,No,currently not available,No,No,Partial,No
LATAM,Honduras,No,Yes,No,No,No,No,No,No,No,No,No,No,Yes,Yes,No,No,Partial,Yes,,No,Yes,No,No,No,No,No,No,No,No,No,No,No,No,No,currently not available,No,No,Partial,No
China & HK,Hong Kong Special Administrative Region of China,,,,,,,,,,,,,,,,,,,,,,,,,,,,,,,,,,,,,,,
EMEA EAST,Hungary,Yes,Yes,No,Yes,Yes,No,Yes,Yes,Yes,No,No,Yes,Yes,Yes,Yes,Yes,Partial,No,,No,Yes,No,No,No,No,No,No,No,Yes,Yes,Yes,Yes,Yes,No,currently not available,Yes,Yes,Partial,No
EMEA WEST,Iceland,Yes,Yes,No,Yes,Yes,No,Yes,Yes,No,No,No,Yes,Yes,Yes,No,No,Partial,CorAL assessment,,No,Yes,No,No,No,No,Yes,No,No,Yes,Yes,Yes,No,No,No,currently not available,No,No,Partial,6008 Assessment
APAC,India,Yes,Yes,No,Yes,Yes,Yes,No,No,No,No,No,No,Yes,No,Yes,Yes,Partial,"Introduce Part A, evaluate coral",,No,Yes,No,No,No,Yes,No,Yes,Yes,No,No,No,No,Yes,No,currently not available,Yes,Yes,Partial,No
APAC,Indonesia,Yes,Yes,No,Yes,Yes,No,No,No,No,No,No,No,3P,3P,Yes,Yes,Partial,"Evaluate coral, Aqua B plus registered but not being launched",,No,Yes,No,No,No,No,No,No,No,No,No,No,Yes,Yes,No,currently not available,Yes,Yes,Partial,No
EMEA EAST,Iraq,Yes,Yes,No,Yes,Yes,Yes,Yes,Yes,Yes,No,No,No,Yes,Yes,Yes,No,Partial,TPI - NoTO,,No,Yes,No,No,No,Yes,Yes,No,No,Yes,No,No,No,Yes,No,currently not available,Yes,No,Partial,No
EMEA WEST,Ireland,Yes,Yes,Yes,Yes,Yes,Yes,Yes,Yes,Yes,No,No,No,Yes,Yes,Yes,Yes,Partial,No,,Yes,Yes,Yes,Yes,Yes,Yes,No,Yes,No,Yes,No,No,Yes,Yes,No,currently not available,Yes,Yes,Partial,IDMS assestment
EMEA EAST,Islamic Republic of Iran,Yes,No,Yes,Yes,No,Yes,Yes,Yes,No,No,No,No,Yes,No,Yes,No,Partial,TPI - NoTO,,No,No,Yes,No,No,Yes,No,No,No,Yes,No,No,No,Yes,No,currently not available,Yes,No,Partial,No
EMEA EAST,Israel,Yes,Yes,Yes,Yes,Yes,Yes,Yes,Yes,Yes,Yes,No,No,Yes,Yes,Yes,Yes,Partial,No,,Yes,Yes,Yes,Yes,No,Yes,No,Yes,Yes,Yes,No,No,Yes,Yes,No,currently not available,Yes,Yes,Partial,No
EMEA EAST,Italy,Yes,Yes,Yes,Yes,Yes,Yes,Yes,Yes,Yes,Yes,No,Yes,Yes,Yes,Yes,Yes,Partial,No,,Yes,Yes,Yes,Yes,Yes,Yes,Yes,Yes,Yes,Yes,Yes,Yes,Yes,Yes,No,currently not available,Yes,Yes,Partial,No
APAC,Japan,No,No,No,No,No,No,No,No,No,No,No,No,No,No,No,No,Partial,No,,No,No,No,No,No,No,No,No,No,No,No,No,No,No,No,currently not available,No,No,Partial,No
EMEA EAST,Jordan,Yes,Yes,No,No,Yes,Yes,Yes,Yes,No,No,No,No,Yes,Yes,Yes,No,Partial,TPI - NoTO,,No,Yes,No,No,No,Yes,No,No,No,Yes,No,No,No,Yes,No,currently not available,Yes,No,Partial,No
EMEA EAST,Kazakhstan,Yes,Yes,No,Yes,Yes,No,No,No,Yes,Yes,No,No,Yes,Yes,No,No,Partial,No,,No,Yes,No,No,No,No,Yes,No,No,Yes,No,No,No,No,No,currently not available,No,No,Partial,No
EMEA EAST,Kenya,Yes,Yes,No,Yes,No,No,Yes,Yes,Yes,Yes,No,No,Yes,No,No,Yes,Partial,TPI - NoTO,,No,Yes,No,No,No,No,No,No,No,Yes,No,No,No,No,No,currently not available,No,No,Partial,6008 assestment
EMEA EAST,Kosovo,Yes,Yes,No,Yes,Yes,No,Yes,Yes,No,No,No,No,Yes,Yes,Yes,No,Partial,No,,No,Yes,No,No,No,No,No,No,No,Yes,No,No,No,Yes,No,currently not available,Yes,No,Partial,No
EMEA EAST,Kuwait,Yes,Yes,Yes,Yes,Yes,Yes,Yes,Yes,Yes,No,No,No,Yes,Yes,Yes,No,Partial,TPI - NoTO,,Yes,Yes,Yes,Yes,No,Yes,No,No,No,Yes,No,No,No,Yes,No,currently not available,Yes,No,Partial,Aqua A assessment
EMEA EAST,Kyrgyzstan,No,Yes,No,No,No,No,No,No,Yes,Yes,No,No,Yes,Yes,No,No,Partial,No,,No,Yes,No,No,No,No,No,No,No,Yes,No,No,No,No,No,currently not available,No,No,Partial,No
APAC,Laos,No,No,No,No,No,No,No,No,No,No,No,No,No,No,No,No,Partial,No,,No,No,No,No,No,No,No,No,No,No,No,No,No,No,No,currently not available,No,No,Partial,No
EMEA WEST,Latvia,Yes,Yes,Yes,Yes,Yes,No,Yes,Yes,Yes,No,No,Yes,Yes,Yes,No,No,Partial,No,,No,Yes,Yes,No,No,No,No,No,No,Yes,Yes,Yes,Yes,No,No,currently not available,No,No,Partial,No
EMEA EAST,Lebanon,No,Yes,No,No,Yes,No,Yes,Yes,Yes,Yes,No,No,Yes,Yes,Yes,No,Partial,No,,No,Yes,No,No,No,No,No,No,No,Yes,No,No,No,Yes,No,currently not available,Yes,No,Partial,No
EMEA EAST,Libya,Yes,Yes,Yes,Yes,Yes,Yes,Yes,Yes,Yes,Yes,No,No,Yes,Yes,Yes,No,Partial,TPI - NoTO,,Yes,Yes,Yes,Yes,Yes,Yes,No,No,No,Yes,No,No,No,Yes,No,currently not available,Yes,No,Partial,IDMS assessment / CDS assessment
EMEA WEST,Lithuania,Yes,Yes,Yes,Yes,Yes,No,Yes,Yes,Yes,Yes,No,No,Yes,Yes,No,No,Partial,No,,No,Yes,Yes,No,No,No,No,No,No,Yes,No,No,No,No,No,currently not available,No,No,Partial,No
EMEA WEST,Luxembourg,Yes,Yes,Yes,Yes,Yes,Yes,No,No,No,No,No,No,Yes,Yes,Yes,Yes,Partial,No,,Yes,Yes,Yes,Yes,Yes,Yes,Yes,Yes,Yes,Yes,No,No,Yes,Yes,No,currently not available,Yes,Yes,Partial,No
China & HK,Macau Special Administrative Region of China,,,,,,,,,,,,,,,,,,,,,,,,,,,,,,,,,,,,,,,
EMEA EAST,Madagascar,Yes,Yes,No,Yes,No,No,Yes,Yes,No,Yes,No,No,Yes,No,No,Yes,Partial,TPI - NoTO,,No,Yes,No,No,No,No,No,Yes,No,Yes,No,No,No,No,No,currently not available,No,No,Partial,No
EMEA EAST,Malawi,Yes,Yes,No,Yes,No,No,Yes,Yes,Yes,Yes,No,No,Yes,No,No,Yes,Partial,No,,No,Yes,No,No,No,No,No,No,No,Yes,No,No,Yes,No,No,currently not available,No,No,Partial,No
APAC,Malaysia,Yes,Yes,Yes,Yes,Yes,Yes,No,No,No,No,No,No,Yes,FME alternative (Smartbag),Yes,Yes,Partial,"Evaluate TDMS, TG, Coral",,No,Yes,Yes,No,No,Yes,No,Yes,No,No,No,No,No,Yes,No,currently not available,Yes,Yes,Partial,No
APAC,Maldives,Yes,No,No,Yes,No,No,No,No,No,No,No,No,No,No,No,No,Partial,No,,No,No,No,No,No,No,No,No,No,No,No,No,No,No,No,currently not available,No,No,Partial,No
EMEA EAST,Mali,No,Yes,No,No,Yes,No,Yes,Yes,Yes,Yes,No,No,Yes,Yes,No,No,Partial,No,,No,Yes,No,No,No,No,No,No,No,Yes,No,No,Yes,No,No,currently not available,No,No,Partial,No
EMEA EAST,Malta,Yes,Yes,No,Yes,Yes,No,Yes,Yes,No,No,No,No,Yes,Yes,Yes,No,Partial,No,,No,Yes,No,No,No,No,No,No,No,Yes,No,No,Yes,Yes,No,currently not available,Yes,No,Partial,No
EMEA EAST,Mauritania,No,Yes,No,No,No,No,Yes,Yes,No,No,No,No,Yes,Yes,No,No,Partial,No,,No,Yes,No,No,No,No,No,No,No,Yes,No,No,No,No,No,currently not available,No,No,Partial,No
EMEA EAST,Mauritius,Yes,Yes,No,Yes,No,No,Yes,Yes,Yes,No,No,No,Yes,No,No,Yes,Partial,No,,No,Yes,No,No,No,No,No,No,No,Yes,No,No,Yes,No,No,currently not available,No,No,Partial,No
LATAM,Mexico,Yes,Yes,No,Yes,Yes,Yes,No,No,Yes,No,No,No,Yes,Yes,Yes,Yes,Partial,Yes,,No,Yes,No,No,Yes,Yes,No,Yes,Yes,No,No,No,No,Yes,No,currently not available,Yes,Yes,Partial,No
EMEA EAST,Mongolia,No,Yes,No,No,No,No,No,No,Yes,No,No,No,Yes,Yes,No,No,Partial,No,,No,Yes,No,No,No,No,No,No,No,Yes,No,No,No,No,No,currently not available,No,No,Partial,No
EMEA EAST,Montenegro,Yes,Yes,No,Yes,Yes,No,Yes,Yes,No,No,No,No,Yes,Yes,Yes,No,Partial,No,,No,Yes,No,No,No,No,No,No,No,Yes,No,No,No,Yes,No,currently not available,Yes,No,Partial,No
EMEA EAST,Morocco,Yes,Yes,Yes,Yes,Yes,Yes,Yes,Yes,Yes,Yes,No,No,Yes,Yes,Yes,Yes,Partial,No,,Yes,Yes,Yes,Yes,No,Yes,No,No,No,Yes,No,No,Yes,Yes,No,currently not available,Yes,Yes,Partial,Aqua A assessment / IDMS assessment
EMEA EAST,Mozambique,Yes,Yes,No,Yes,No,No,Yes,Yes,No,No,No,No,Yes,No,No,Yes,Partial,No,,No,Yes,No,No,No,No,No,No,No,Yes,No,No,No,No,No,currently not available,No,No,Partial,No
APAC,Myanmar,No,No,No,No,Yes,No,No,No,No,No,No,No,Yes,No,No,No,Partial,No,,No,No,No,No,No,No,No,No,No,No,No,No,No,No,No,currently not available,No,No,Partial,No
EMEA EAST,Namibia,Yes,Yes,No,Yes,No,No,Yes,Yes,Yes,Yes,No,No,Yes,No,No,Yes,Partial,No,,No,Yes,No,No,No,No,No,No,No,Yes,No,No,Yes,No,No,currently not available,No,No,Partial,No
APAC,Nepal,No,No,No,No,No,No,No,No,No,No,No,No,No,No,No,No,Partial,No,,No,No,No,No,No,No,No,No,No,No,No,No,No,No,No,currently not available,No,No,Partial,No
EMEA WEST,Netherlands,Yes,Yes,Yes,Yes,Yes,Yes,Yes,Yes,Yes,No,No,Yes,Yes,Yes,Yes,Yes,Partial,No,,Yes,Yes,Yes,Yes,Yes,Yes,Yes,Yes,Yes,Yes,Yes,Yes,Yes,Yes,No,currently not available,Yes,Yes,Partial,No
APAC,New Zealand,Yes,Yes,No,Yes,Yes,Yes,No,No,Yes,No,No,No,Yes,FME alternative (Smartbag),Yes,Yes,Partial,Evaluate TDMS Introduction,,Yes,Yes,No,Yes,No,Yes,No,No,No,No,No,No,No,Yes,No,currently not available,Yes,Yes,Partial,Evaluate the introduction of CDS
LATAM,Nicaragua,No,Yes,No,No,No,No,No,No,No,No,No,No,Yes,Yes,No,No,Partial,Yes,,No,Yes,No,No,No,No,No,No,No,No,No,No,No,No,No,currently not available,No,No,Partial,No
EMEA EAST,Niger,No,Yes,No,No,No,No,Yes,Yes,No,No,No,No,Yes,Yes,No,No,Partial,No,,No,Yes,No,No,No,No,No,No,No,Yes,No,No,No,No,No,currently not available,No,No,Partial,No
EMEA EAST,Nigeria,Yes,Yes,No,Yes,No,No,Yes,Yes,Yes,Yes,No,No,Yes,No,No,Yes,Partial,No,,No,Yes,No,No,No,No,No,No,No,Yes,No,No,Yes,No,No,currently not available,No,No,Partial,No
EMEA EAST,North Macedonia,Yes,Yes,No,Yes,Yes,No,Yes,Yes,Yes,No,No,No,Yes,Yes,Yes,No,Partial,No,,No,Yes,No,No,No,No,No,No,No,Yes,No,No,Yes,Yes,No,currently not available,Yes,No,Partial,No
EMEA WEST,Northern Ireland,Yes,Yes,Yes,Yes,Yes,Yes,No,No,No,No,No,No,Yes,Yes,Yes,Yes,Partial,No,,Yes,Yes,Yes,Yes,Yes,Yes,Yes,Yes,Yes,Yes,No,No,No,Yes,No,currently not available,Yes,Yes,Partial,No
EMEA WEST,Norway,Yes,Yes,Yes,Yes,Yes,No,Yes,Yes,No,No,No,Yes,Yes,Yes,No,No,Partial,No,,No,Yes,Yes,No,No,No,No,No,No,Yes,Yes,Yes,No,No,No,currently not available,No,No,Partial,6008 assessment / Aqua A assessment
EMEA EAST,Oman,Yes,Yes,No,Yes,Yes,Yes,Yes,Yes,Yes,No,No,No,Yes,Yes,Yes,No,Partial,CorAL assessment,,No,Yes,No,No,No,Yes,No,No,No,Yes,No,No,No,Yes,No,currently not available,Yes,No,Partial,6008 assessment / CorAL assessment
APAC,Pakistan,Yes,Yes,No,Yes,Yes,No,No,No,No,No,No,No,Yes,No,Yes,Yes,Partial,"Evaluate Part, TDSM",,No,Yes,No,No,No,No,No,No,No,No,No,No,Yes,Yes,No,currently not available,Yes,Yes,Partial,No
EMEA EAST,Palestine,No,Yes,No,No,Yes,Yes,No,No,No,No,No,No,Yes,Yes,Yes,No,Partial,TPI - NoTO,,No,Yes,No,No,No,Yes,Yes,No,No,Yes,No,No,No,Yes,No,currently not available,Yes,No,Partial,No
LATAM,Panama,No,Yes,No,No,No,No,No,No,No,No,No,No,Yes,Yes,No,No,Partial,Yes,,No,Yes,No,No,No,No,No,No,No,No,No,No,No,No,No,currently not available,No,No,Partial,No
LATAM,Paraguay,No,Yes,No,No,No,No,No,No,No,No,No,No,Yes,Yes,No,No,Partial,Yes,,No,Yes,No,No,No,No,No,No,No,No,No,No,No,No,No,currently not available,No,No,Partial,No
LATAM,Peru,Yes,Yes,No,Yes,Yes,Yes,No,No,Yes,No,No,No,Yes,Yes,Yes,Yes,Partial,No,,No,Yes,No,No,No,Yes,No,Yes,Yes,No,No,No,No,Yes,No,currently not available,Yes,Yes,Partial,No
APAC,Philippines,Yes,Yes,No,Yes,Yes,No,No,No,No,No,No,No,3P,FME alternative (Smartbag),Yes,Yes,Partial,"Evaluate TDMS, Coral",,No,Yes,No,No,No,No,No,No,No,No,No,No,Yes,Yes,No,currently not available,Yes,Yes,Partial,No
EMEA WEST,Poland,Yes,Yes,Yes,Yes,Yes,No,Yes,Yes,Yes,Yes,No,Yes,Yes,Yes,Yes,Yes,Partial,TDMS assessment,,Yes,Yes,Yes,Yes,No,No,Yes,No,No,Yes,Yes,Yes,Yes,Yes,No,currently not available,Yes,Yes,Partial,TDMS assessment
EMEA WEST,Portugal,Yes,Yes,Yes,Yes,Yes,Yes,Yes,Yes,Yes,Yes,No,Yes,Yes,Yes,Yes,Yes,Partial,No,,Yes,Yes,Yes,Yes,Yes,Yes,Yes,Yes,Yes,Yes,Yes,Yes,Yes,Yes,No,currently not available,Yes,Yes,Partial,No
EMEA EAST,Qatar,Yes,Yes,No,Yes,Yes,Yes,Yes,Yes,No,No,No,No,Yes,Yes,Yes,No,Partial,TPI - NoTO,,Yes,Yes,No,Yes,No,Yes,No,No,No,Yes,No,No,No,Yes,No,currently not available,Yes,No,Partial,CorAL assessment
APAC,Republic of Korea,Yes,Yes,Yes,Yes,Yes,Yes,No,No,No,No,No,No,3P,3P,Yes,Yes,Partial,Evaluate TG,,Yes,Yes,Yes,Yes,No,Yes,No,No,No,No,No,No,Yes,Yes,No,currently not available,Yes,Yes,Partial,"Evaluate sporotal, CDS"
EMEA EAST,Republic of Moldova,Yes,Yes,No,Yes,Yes,No,Yes,Yes,No,No,No,No,Yes,Yes,Yes,No,Partial,No,,No,Yes,No,No,No,No,No,No,No,Yes,No,No,No,Yes,No,currently not available,Yes,No,Partial,No
EMEA EAST,Romania,Yes,Yes,No,Yes,Yes,No,Yes,Yes,No,Yes,No,Yes,Yes,Yes,Yes,Yes,Partial,No,,Yes,Yes,No,Yes,Yes,No,No,No,No,Yes,Yes,Yes,Yes,Yes,No,currently not available,Yes,Yes,Partial,No
EMEA EAST,Russian Federation,Yes,Yes,No,Yes,No,No,No,No,Yes,Yes,No,No,Yes,Yes,Yes,Yes,Partial,No,,No,Yes,No,No,No,No,No,No,No,Yes,No,No,Yes,Yes,No,currently not available,Yes,Yes,Partial,6008 launch
EMEA EAST,Rwanda,Yes,Yes,No,Yes,No,Yes,Yes,Yes,No,No,No,No,Yes,No,No,Yes,Partial,No,,No,Yes,No,No,No,Yes,No,No,No,Yes,No,No,No,No,No,currently not available,No,No,Partial,No
EMEA EAST,Saudi Arabia,Yes,Yes,No,Yes,Yes,No,Yes,Yes,Yes,Yes,No,No,Yes,Yes,Yes,Yes,Partial,CorAL Launch / TDMS assessment,,Yes,Yes,No,Yes,Yes,No,No,Yes,Yes,Yes,No,No,No,Yes,No,currently not available,Yes,Yes,Partial,CorAL launch / TDMS assessment
EMEA EAST,Senegal,Yes,Yes,No,Yes,Yes,No,Yes,Yes,No,No,No,No,Yes,Yes,No,No,Partial,No,,No,Yes,No,No,No,No,No,No,No,Yes,No,No,Yes,No,No,currently not available,No,No,Partial,No
EMEA EAST,Serbia,Yes,Yes,Yes,Yes,Yes,No,Yes,Yes,Yes,Yes,No,No,Yes,Yes,Yes,Yes,Partial,TDMS assessment,,Yes,Yes,Yes,Yes,No,No,No,Yes,Yes,Yes,No,No,No,Yes,No,currently not available,Yes,Yes,Partial,TDMS assessment
EMEA EAST,Seychelles,Yes,Yes,No,Yes,No,No,Yes,Yes,No,No,No,No,Yes,No,No,Yes,Partial,No,,No,Yes,No,No,No,No,No,No,No,Yes,No,No,No,No,No,currently not available,No,No,Partial,No
APAC,Singapore,Yes,Yes,No,Yes,Yes,Yes,No,No,Yes,No,No,No,Yes,FME alternative (Smartbag),Yes,Yes,Partial,Evaluate Coral,,No,Yes,No,No,Yes,Yes,Yes,Yes,Yes,Yes,No,No,No,Yes,No,currently not available,Yes,Yes,Partial,No
EMEA WEST,Slovakia,Yes,Yes,No,Yes,Yes,No,Yes,Yes,Yes,Yes,No,Yes,Yes,Yes,Yes,Yes,Partial,CorAL assessment / TDMS assessment,,Yes,Yes,No,Yes,No,No,No,Yes,Yes,Yes,Yes,Yes,Yes,Yes,No,currently not available,Yes,Yes,Partial,CorAL launch / TDMS assessment
EMEA EAST,Slovenia,Yes,Yes,Yes,Yes,Yes,Yes,Yes,Yes,No,Yes,No,Yes,Yes,Yes,Yes,Yes,Partial,No,,Yes,Yes,Yes,Yes,Yes,Yes,Yes,Yes,Yes,Yes,Yes,Yes,Yes,Yes,No,currently not available,Yes,Yes,Partial,No
EMEA EAST,South Africa,Yes,Yes,No,Yes,No,Yes,Yes,Yes,Yes,Yes,No,No,Yes,Yes,Yes,Yes,Partial,Fx CorAL assestment,,No,Yes,No,No,Yes,Yes,Yes,Yes,Yes,Yes,No,No,Yes,Yes,No,currently not available,Yes,Yes,Partial,No
EMEA WEST,Spain,Yes,Yes,Yes,Yes,Yes,Yes,Yes,Yes,Yes,Yes,No,Yes,Yes,Yes,Yes,Yes,Partial,No,,Yes,Yes,Yes,Yes,Yes,Yes,Yes,Yes,Yes,Yes,Yes,Yes,Yes,Yes,No,currently not available,Yes,Yes,Partial,No
APAC,Sri Lanka,No,Yes,No,No,No,No,No,No,No,No,No,No,No,No,No,No,Partial,No,,No,Yes,No,No,No,No,No,No,No,No,No,No,No,No,No,currently not available,No,No,Partial,No
EMEA EAST,Sudan,No,Yes,No,No,Yes,Yes,Yes,Yes,Yes,No,No,No,Yes,Yes,Yes,No,Partial,TPI - NoTO,,No,Yes,No,No,No,Yes,No,No,No,Yes,No,No,No,Yes,No,currently not available,Yes,No,Partial,No
EMEA WEST,Sweden,Yes,Yes,Yes,Yes,Yes,Yes,Yes,Yes,No,Yes,No,Yes,Yes,Yes,Yes,Yes,Partial,No,,Yes,Yes,Yes,Yes,Yes,Yes,No,Yes,Yes,Yes,Yes,Yes,Yes,Yes,No,currently not available,Yes,Yes,Partial,IDMS assessment 
DACH,Switzerland,Yes,Yes,Yes,Yes,Yes,Yes,Yes,Yes,Yes,Yes,No,No,Yes,Yes,Yes,Yes,Partial,No,,Yes,Yes,Yes,Yes,Yes,Yes,Yes,Yes,Yes,Yes,No,No,No,Yes,No,currently not available,Yes,Yes,Partial,No
EMEA EAST,Syrian Arab Republic,No,Yes,No,No,Yes,Yes,Yes,Yes,Yes,No,No,No,Yes,Yes,Yes,No,Partial,TPI - NoTO,,No,Yes,No,No,No,Yes,No,No,No,Yes,No,No,Yes,Yes,No,currently not available,Yes,No,Partial,No
APAC,Taiwan Province of China,Yes,Yes,Yes,Yes,Yes,No,No,No,No,No,No,No,Yes,3P,Yes,Yes,Partial,Evaluate TDMS,,No,Yes,Yes,No,No,No,No,No,No,No,No,No,No,Yes,No,currently not available,Yes,Yes,Partial,No
EMEA EAST,Tajikistan,No,Yes,No,No,No,No,No,No,No,No,No,No,Yes,Yes,No,No,Partial,No,,No,Yes,No,No,No,No,No,No,No,Yes,No,No,No,No,No,currently not available,No,No,Partial,No
APAC,Thailand,Yes,Yes,No,Yes,Yes,Yes,No,No,No,No,No,No,Yes,No,Yes,Yes,Partial,No,,No,Yes,No,No,No,Yes,No,Yes,Yes,No,No,No,No,Yes,No,currently not available,Yes,Yes,Partial,No
EMEA EAST,Togo,No,Yes,No,No,No,No,Yes,Yes,No,No,No,No,Yes,Yes,No,No,Partial,No,,No,Yes,No,No,No,No,No,No,No,Yes,No,No,No,No,No,currently not available,No,No,Partial,No
LATAM,Trinidad and Tobago,No,No,No,No,No,No,No,No,No,No,No,No,No,No,No,No,Partial,No,,No,No,No,No,No,No,No,No,No,No,No,No,No,No,No,currently not available,No,No,Partial,No
EMEA EAST,Tunisia,Yes,No,No,Yes,No,No,Yes,Yes,Yes,Yes,No,No,No,No,No,No,Partial,No,,No,Yes,No,No,No,No,No,No,No,Yes,No,No,No,No,No,currently not available,No,No,Partial,No
EMEA EAST,Turkiye,Yes,Yes,No,Yes,Yes,Yes,Yes,Yes,Yes,Yes,No,No,Yes,Yes,Yes,Yes,Partial,No,,Yes,Yes,No,Yes,No,Yes,No,No,No,Yes,No,No,Yes,Yes,No,currently not available,Yes,Yes,Partial,No
EMEA EAST,Turkmenistan,No,Yes,No,No,No,No,No,No,Yes,No,No,No,Yes,Yes,No,No,Partial,No,,No,Yes,No,No,No,No,No,No,No,Yes,No,No,Yes,No,No,currently not available,No,No,Partial,No
EMEA EAST,Uganda,Yes,Yes,No,Yes,No,No,Yes,Yes,No,No,No,No,Yes,No,No,Yes,Partial,No,,No,Yes,No,No,No,No,No,No,No,Yes,No,No,No,No,No,currently not available,No,No,Partial,No
EMEA EAST,Ukraine,Yes,Yes,No,Yes,Yes,No,Yes,Yes,No,No,No,No,Yes,Yes,Yes,Yes,Partial,CorAL assessment,,No,Yes,No,No,No,No,Yes,No,No,Yes,No,No,No,Yes,No,currently not available,Yes,Yes,Partial,No
EMEA EAST,United Arab Emirates,Yes,Yes,Yes,Yes,Yes,Yes,Yes,Yes,Yes,No,No,No,Yes,Yes,Yes,No,Partial,TPI - NoTO,,Yes,Yes,Yes,Yes,Yes,Yes,Yes,No,No,Yes,No,No,No,Yes,No,currently not available,Yes,No,Partial,No
EMEA EAST,United Republic of Tanzania,Yes,Yes,No,Yes,No,No,Yes,Yes,Yes,Yes,No,No,Yes,No,No,Yes,Partial,No,,No,Yes,No,No,No,No,No,No,No,Yes,No,No,Yes,No,No,currently not available,No,No,Partial,6008 assessment
LATAM,Uruguay,Yes,Yes,Yes,Yes,Yes,No,No,No,Yes,No,No,No,Yes,No,No,Yes,Partial,No,,No,Yes,Yes,No,Yes,No,No,No,Yes,No,No,No,No,No,No,currently not available,No,No,Partial,No
EMEA EAST,Uzbekistan,No,Yes,No,No,No,No,No,No,No,No,No,No,Yes,Yes,No,No,Partial,No,,No,Yes,No,No,No,No,No,No,No,Yes,No,No,Yes,No,No,currently not available,No,No,Partial,No
LATAM,Venezuela,No,No,No,No,No,No,No,No,No,No,No,No,No,No,No,No,Partial,No,,No,No,No,No,No,No,No,No,No,No,No,No,No,No,No,currently not available,No,No,Partial,No
APAC,Vietnam,Yes,Yes,No,Yes,Yes,No,No,No,Yes,No,No,No,Yes,No,Yes,Yes,Partial,Part A,,No,Yes,No,No,No,No,No,Yes,Yes,No,No,No,No,Yes,No,currently not available,Yes,Yes,Partial,No
EMEA EAST,Yemen,No,Yes,No,No,Yes,No,Yes,Yes,Yes,No,No,No,Yes,Yes,Yes,No,Partial,No,,No,Yes,No,No,No,No,No,No,No,Yes,No,No,No,Yes,No,currently not available,Yes,No,Partial,No
EMEA EAST,Zambia,Yes,Yes,No,Yes,No,No,Yes,Yes,Yes,Yes,No,No,Yes,No,No,Yes,Partial,No,,No,Yes,No,No,No,No,No,No,No,Yes,No,No,Yes,No,No,currently not available,No,No,Partial,No
EMEA EAST,Zimbabwe,Yes,Yes,No,Yes,No,No,Yes,Yes,No,No,No,No,Yes,No,No,Yes,Partial,No,,No,Yes,No,No,No,No,No,No,No,Yes,No,No,No,No,No,currently not available,No,No,Partial,No
"United 
States",United States of America,,,,,,,,,,,,,,,,,,,,,,,,,,,,,,,,,,,,,,,