,,Portfolio,,,,,,,Portfolio,,,,,
,,Essential Range,,,,,,,Expert Range,,,,,
,,Technical Operations,Trainings,Water Quality Service,Architectural Service,,,,Technical Operations,Trainings,Water Quality Service,Architectural Service,,
Region,Country,Preventive Maintenance,On-Site People Training (Technician & Clinic Application Specialists),WT Performance Qualification Management,WT Room Project Plan,Portfolio Completeness,Action Needed,,Full Service Contract,"Advanced On-Site People Training (Digital Products, Water Quality, Therapy)",Water Quality Service,Dialysis clinic design consultancy service,Portfolio Completeness,Action Needed
EMEA EAST,Albania,Yes,Yes,Yes,Yes,Complete,No,,Yes,Yes,No,No,Complete,No
EMEA EAST,Algeria,Yes,Yes,Yes,Yes,Complete,No,,Yes,No,No,Yes,Complete,No
EMEA EAST,Angola,Yes,Yes,Yes,Yes,Complete,No,,No,No,No,Yes,Complete,No
LATAM,Argentina,Yes,Yes,Yes,Yes,Complete,No,,No,Yes,No,No,Complete,No
EMEA EAST,Armenia,Yes,Yes,Yes,Yes,Complete,No,,No,No,No,No,Complete,No
APAC,Australia,Yes,Yes,No,Yes,Partial,Evaluate WT management,,Yes,Yes,No,No,Partial,Evaluate WQS
DACH,Austria,Yes,Yes,Yes,Yes,Complete,No,,Yes,Yes,No,Yes,Complete,Promote WQS
EMEA EAST,Azerbaijan,Yes,Yes,Yes,Yes,Complete,No,,No,No,No,No,Complete,No
EMEA EAST,Bahrain,Yes,Yes,Yes,Yes,Complete,No,,Yes,Yes,No,No,Complete,No
APAC,Bangladesh,Yes,Yes,No,No,Partial,No,,Yes,Yes,No,No,Partial,No
EMEA EAST,Belarus,Yes,Yes,Yes,Yes,Complete,No,,No,No,No,No,Complete,No
EMEA WEST,Belgium,Yes,Yes,Yes,Yes,Complete,Initiate Communication on TO & Education,,Yes,Yes,No,Yes,Complete,Promote WQS
LATAM,Belize,No,No,No,No,Partial,No,,No,No,No,No,Partial,No
EMEA EAST,Benin,No,Yes,No,Yes,Partial,No,,No,No,No,No,Partial,No
APAC,Bhutan,No,No,No,No,Partial,No,,No,No,No,No,Partial,No
LATAM,Bolivia,No,No,No,No,Partial,No,,No,No,No,No,Partial,No
EMEA EAST,Bosnia and Herzegovina - Federation,Yes,Yes,Yes,Yes,Complete,No,,Yes,Yes,Yes,No,Complete,No
EMEA EAST,Botswana,No,Yes,No,Yes,Partial,No,,No,No,No,No,Partial,No
LATAM,Brazil,Yes,Yes,Yes,Yes,Complete,No,,Yes,Yes,Yes,No,Complete,No
APAC,Brunei Darussalam,No,No,No,No,Partial,No,,No,No,No,No,Partial,No
EMEA EAST,Bulgaria,Yes,Yes,Yes,Yes,Complete,No,,Yes,Yes,No,No,Complete,No
EMEA EAST,Burkina Faso,No,Yes,No,Yes,Partial,No,,No,No,No,No,Partial,No
APAC,Cambodia,No,No,No,No,Partial,No,,No,No,No,No,Partial,No
EMEA EAST,Cameroon,No,Yes,No,Yes,Partial,No,,No,No,No,No,Partial,No
EMEA WEST,Canada,Yes,Yes,Yes,Yes,Complete,Medical activities,,Yes,Yes,No,No,Complete,No
EMEA EAST,Chad,No,Yes,No,Yes,Partial,No,,No,No,No,No,Partial,No
LATAM,Chile,Yes,Yes,Yes,Yes,Complete,No,,Yes,Yes,Yes,No,Complete,No
China & HK,China,,,,,,,,,,,,,
LATAM,Colombia,Yes,Yes,Yes,Yes,Complete,No,,No,Yes,Yes,No,Complete,Yes
LATAM,Costa Rica,Yes,No,No,No,Partial,No,,No,No,No,No,Partial,No
EMEA EAST,Cote d'Ivoire,No,Yes,No,Yes,Partial,No,,No,No,No,No,Partial,No
EMEA EAST,Croatia,Yes,Yes,Yes,Yes,Complete,Initiate Communication on TO & Education,,Yes,Yes,Yes,Yes,Complete,No
LATAM,Cuba,No,No,No,No,Partial,No,,No,No,No,No,Partial,No
LATAM,Curacao,No,No,No,No,Partial,No,,No,No,No,No,Partial,No
EMEA EAST,Cyprus,Yes,Yes,Yes,Yes,Complete,No,,Yes,Yes,No,No,Complete,No
EMEA WEST,Czech Republic,Yes,Yes,Yes,Yes,Complete,Initiate Communication on TO & Education,,Yes,Yes,Yes,Yes,Complete,No
EMEA EAST,Democratic Republic of Congo,No,Yes,No,Yes,Partial,No,,No,No,No,No,Partial,No
EMEA WEST,Denmark,Yes,Yes,Yes,Yes,Complete,Initiate Communication on TO & Education,,Yes,Yes,No,Yes,Complete,Promote WQS
LATAM,Dominican Republic,Yes,No,No,No,Partial,No,,No,No,No,No,Partial,No
LATAM,Ecuador,Yes,Yes,Yes,Yes,Complete,No,,Yes,Yes,Yes,No,Complete,No
EMEA EAST,Egypt,Yes,Yes,Yes,Yes,Complete,No,,No,Yes,No,No,Complete,No
LATAM,El Salvador,Yes,No,No,No,Partial,No,,No,No,No,No,Partial,No
EMEA EAST,Eritrea,No,Yes,No,Yes,Partial,No,,No,No,No,No,Partial,No
EMEA WEST,Estonia,Yes,Yes,Yes,Yes,Complete,No,,Yes,Yes,No,No,Complete,No
EMEA EAST,Eswatini,No,Yes,No,Yes,Partial,No,,No,No,No,No,Partial,No
EMEA EAST,Ethiopia,No,Yes,No,Yes,Partial,No,,No,No,No,No,Partial,No
EMEA WEST,Finland,Yes,Yes,Yes,Yes,Complete,Initiate Communication on TO & Education,,Yes,Yes,Yes,Yes,Complete,Promote WQS
EMEA WEST,France,Yes,Yes,Yes,Yes,Complete,Initiate Communication on TO & Education,,Yes,Yes,Yes,Yes,Complete,No
EMEA EAST,Gabon,Yes,Yes,Yes,Yes,Complete,No,,No,No,No,Yes,Complete,No
EMEA EAST,Gambia,No,Yes,No,Yes,Partial,No,,No,No,No,No,Partial,No
EMEA EAST,Georgia,No,Yes,No,Yes,Partial,No,,No,No,No,No,Partial,No
DACH,Germany,Yes,Yes,Yes,Yes,Complete,No,,Yes,Yes,Yes,Yes,Complete,No
EMEA EAST,Ghana,Yes,Yes,Yes,Yes,Complete,No,,No,No,No,Yes,Complete,No
EMEA WEST,Great Britain,Yes,Yes,Yes,Yes,Complete,No,,Yes,Yes,Yes,Yes,Complete,No
EMEA EAST,Greece,Yes,Yes,Yes,Yes,Complete,No,,No,No,No,No,Complete,No
LATAM,Guatemala,Yes,No,No,No,Partial,No,,No,No,No,No,Partial,No
LATAM,Honduras,Yes,No,No,No,Partial,No,,No,No,No,No,Partial,No
China & HK,Hong Kong Special Administrative Region of China,,,,,,,,,,,,,
EMEA EAST,Hungary,Yes,Yes,Yes,Yes,Complete,No,,Yes,Yes,Yes,No,Complete,No
EMEA WEST,Iceland,Yes,Yes,Yes,Yes,Complete,No,,Yes,No,No,No,Complete,No
APAC,India,Yes,Yes,No,Yes,Partial,Evaluate WT management,,Yes,Yes,No,No,Partial,Evaluate WQS
APAC,Indonesia,Yes,Yes,No,Yes,Partial,Evaluate WT management,,Yes,Yes,No,Yes,Partial,Evaluate WQS
EMEA EAST,Iraq,Yes,Yes,Yes,Yes,Complete,No,,No,Yes,No,No,Complete,No
EMEA WEST,Ireland,Yes,Yes,Yes,Yes,Complete,No,,Yes,Yes,Yes,Yes,Complete,No
EMEA EAST,Islamic Republic of Iran,Yes,Yes,Yes,Yes,Complete,No,,No,Yes,No,No,Complete,No
EMEA EAST,Israel,Yes,Yes,Yes,Yes,Complete,No,,Yes,Yes,Yes,No,Complete,No
EMEA EAST,Italy,Yes,Yes,Yes,Yes,Complete,Initiate Communication on TO & Education,,Yes,Yes,Yes,Yes,Complete,No
APAC,Japan,Not applicable,Not applicable,No,No,Partial,No,,Not applicable,Not applicable,No,No,Partial,No
EMEA EAST,Jordan,Yes,Yes,Yes,Yes,Complete,No,,No,Yes,No,No,Complete,No
EMEA EAST,Kazakhstan,Yes,Yes,Yes,Yes,Complete,No,,No,No,No,No,Complete,No
EMEA EAST,Kenya,No,Yes,No,Yes,Partial,Medical activities,,No,No,No,No,Partial,No
EMEA EAST,Kosovo,Yes,Yes,Yes,Yes,Complete,No,,No,Yes,No,No,Complete,No
EMEA EAST,Kuwait,Yes,Yes,Yes,Yes,Complete,No,,Yes,Yes,No,No,Complete,No
EMEA EAST,Kyrgyzstan,Yes,Yes,Yes,Yes,Complete,No,,No,No,Yes,No,Complete,No
APAC,Laos,No,Yes,No,No,Partial,No,,No,Yes,No,No,Partial,No
EMEA WEST,Latvia,Yes,Yes,Yes,Yes,Complete,No,,No,No,No,No,Complete,No
EMEA EAST,Lebanon,Yes,Yes,Yes,Yes,Complete,No,,No,Yes,No,No,Complete,No
EMEA EAST,Libya,Yes,Yes,Yes,Yes,Complete,No,,Yes,Yes,No,No,Complete,Promote WQS
EMEA WEST,Lithuania,Yes,Yes,Yes,Yes,Complete,No,,No,No,No,No,Complete,No
EMEA WEST,Luxembourg,Yes,Yes,Yes,Yes,Complete,Initiate Communication on TO & Education,,Yes,Yes,Yes,No,Complete,Promote WQS
China & HK,Macau Special Administrative Region of China,,,,,,,,,,,,,
EMEA EAST,Madagascar,No,Yes,No,Yes,Partial,No,,No,No,No,No,Partial,No
EMEA EAST,Malawi,No,Yes,No,Yes,Partial,No,,No,No,No,No,Partial,No
APAC,Malaysia,Yes,Yes,No,Yes,Partial,Evaluate WT management,,Yes,Yes,No,No,Partial,Evaluate WQS
APAC,Maldives,No,No,No,No,Partial,No,,No,No,No,No,Partial,No
EMEA EAST,Mali,Yes,Yes,Yes,Yes,Complete,No,,No,No,No,Yes,Complete,No
EMEA EAST,Malta,Yes,Yes,Yes,Yes,Complete,No,,No,Yes,No,No,Complete,No
EMEA EAST,Mauritania,No,Yes,No,Yes,Partial,No,,No,No,No,No,Partial,No
EMEA EAST,Mauritius,No,Yes,No,Yes,Partial,No,,No,No,No,No,Partial,No
LATAM,Mexico,Yes,Yes,Yes,Yes,Complete,No,,Yes,Yes,Yes,No,Complete,No
EMEA EAST,Mongolia,No,Yes,No,Yes,Partial,No,,No,No,No,No,Partial,No
EMEA EAST,Montenegro,Yes,Yes,Yes,Yes,Complete,No,,No,Yes,No,No,Complete,No
EMEA EAST,Morocco,Yes,Yes,Yes,Yes,Complete,Initiate Communication on TO & Education,,Yes,Yes,No,Yes,Complete,Promote WQS
EMEA EAST,Mozambique,No,Yes,No,Yes,Partial,No,,No,No,No,No,Partial,No
APAC,Myanmar,No,No,No,No,Partial,No,,No,No,No,No,Partial,No
EMEA EAST,Namibia,No,Yes,No,Yes,Partial,No,,No,No,No,No,Partial,No
APAC,Nepal,No,No,No,No,Partial,No,,No,No,No,No,Partial,No
EMEA WEST,Netherlands,Yes,Yes,Yes,Yes,Complete,Initiate Communication on TO & Education,,Yes,Yes,Yes,No,Complete,Promote WQS
APAC,New Zealand,Yes,Yes,No,Yes,Partial,No,,Yes,Yes,No,No,Partial,No
LATAM,Nicaragua,Yes,No,No,No,Partial,No,,No,No,No,No,Partial,No
EMEA EAST,Niger,No,Yes,No,Yes,Partial,No,,No,No,No,No,Partial,No
EMEA EAST,Nigeria,Yes,Yes,Yes,Yes,Complete,No,,No,No,No,Yes,Complete,No
EMEA EAST,North Macedonia,Yes,Yes,Yes,Yes,Complete,No,,No,Yes,No,No,Complete,No
EMEA WEST,Northern Ireland,Yes,Yes,Yes,Yes,Complete,No,,Yes,Yes,No,No,Complete,No
EMEA WEST,Norway,Yes,Yes,Yes,Yes,Complete,No,,Yes,No,No,No,Complete,No
EMEA EAST,Oman,Yes,Yes,Yes,Yes,Complete,No,,No,Yes,No,No,Complete,No
APAC,Pakistan,Yes,Yes,No,Yes,Partial,No,,Yes,Yes,No,No,Partial,No
EMEA EAST,Palestine,Yes,Yes,Yes,Yes,Complete,No,,No,Yes,No,No,Complete,No
LATAM,Panama,Yes,Yes,Yes,Yes,Complete,No,,No,No,No,No,Complete,No
LATAM,Paraguay,No,No,No,No,Partial,No,,No,No,No,No,Partial,No
LATAM,Peru,Yes,Yes,Yes,Yes,Complete,No,,No,Yes,Yes,No,Complete,Yes
APAC,Philippines,Yes,Yes,No,Yes,Partial,Evaluate WT management,,Yes,Yes,No,No,Partial,Evaluate WQS
EMEA WEST,Poland,Yes,Yes,Yes,Yes,Complete,Initiate Communication on TO & Education,,Yes,Yes,Yes,Yes,Complete,No
EMEA WEST,Portugal,Yes,Yes,Yes,Yes,Complete,No,,Yes,Yes,Yes,Yes,Complete,No
EMEA EAST,Qatar,Yes,Yes,Yes,Yes,Complete,No,,Yes,Yes,No,No,Complete,No
APAC,Republic of Korea,Yes,Yes,No,No,Partial,Evaluate WT management,,Yes,Yes,No,No,Partial,Evaluate WQS
EMEA EAST,Republic of Moldova,Yes,Yes,Yes,Yes,Complete,No,,No,Yes,No,No,Complete,No
EMEA EAST,Romania,Yes,Yes,Yes,Yes,Complete,No,,No,Yes,Yes,Yes,Complete,No
EMEA EAST,Russian Federation,Yes,Yes,Yes,Yes,Complete,Initiate Communication on TO & Education,,Yes,Yes,Yes,Yes,Complete,No
EMEA EAST,Rwanda,No,Yes,No,Yes,Partial,No,,No,No,No,No,Partial,No
EMEA EAST,Saudi Arabia,Yes,Yes,Yes,Yes,Complete,Initiate Communication on TO & Education,,Yes,Yes,Yes,No,Complete,Promote WQS
EMEA EAST,Senegal,Yes,Yes,Yes,Yes,Complete,No,,No,Yes,No,Yes,Complete,No
EMEA EAST,Serbia,Yes,Yes,Yes,Yes,Complete,No,,Yes,Yes,Yes,Yes,Complete,No
EMEA EAST,Seychelles,No,Yes,No,Yes,Partial,No,,No,No,No,No,Partial,No
APAC,Singapore,Yes,Yes,No,Yes,Partial,Evaluate WT management,,Yes,Yes,No,No,Partial,Evaluate WQS
EMEA WEST,Slovakia,Yes,Yes,Yes,Yes,Complete,No,,Yes,Yes,Yes,No,Complete,No
EMEA EAST,Slovenia,No,Yes,Yes,Yes,Partial,No,,Yes,Yes,Yes,Yes,Partial,No
EMEA EAST,South Africa,Yes,Yes,Yes,Yes,Complete,No,,Yes,Yes,Yes,Yes,Complete,No
EMEA WEST,Spain,Yes,Yes,Yes,Yes,Complete,No,,Yes,Yes,Yes,Yes,Complete,No
APAC,Sri Lanka,No,No,No,No,Partial,No,,No,No,No,No,Partial,No
EMEA EAST,Sudan,No,Yes,No,Yes,Partial,No,,No,No,No,No,Partial,No
EMEA WEST,Sweden,Yes,Yes,Yes,Yes,Complete,Initiate Communication on TO & Education,,Yes,Yes,Yes,Yes,Complete,No
DACH,Switzerland,Yes,Yes,Yes,Yes,Complete,No,,Yes,Yes,Yes,Yes,Complete,No
EMEA EAST,Syrian Arab Republic,No,Yes,No,Yes,Partial,No,,No,No,No,No,Partial,No
APAC,Taiwan Province of China,Yes,Yes,No,Yes,Partial,Evaluate WT management,,Yes,Yes,No,No,Partial,Evaluate WQS
EMEA EAST,Tajikistan,No,Yes,No,Yes,Partial,No,,No,No,No,No,Partial,No
APAC,Thailand,Yes,Yes,No,Yes,Partial,Evaluate WT management,,Yes,Yes,No,No,Partial,Evaluate WQS
EMEA EAST,Togo,No,Yes,No,Yes,Partial,No,,No,No,No,No,Partial,No
LATAM,Trinidad and Tobago,No,No,No,No,Partial,No,,No,No,No,No,Partial,No
EMEA EAST,Tunisia,Yes,Yes,Yes,Yes,Complete,No,,No,No,No,Yes,Complete,No
EMEA EAST,Turkiye,Yes,Yes,Yes,Yes,Complete,Initiate Communication on TO & Education,,Yes,Yes,No,No,Complete,No
EMEA EAST,Turkmenistan,Yes,Yes,Yes,Yes,Complete,No,,No,No,No,No,Complete,No
EMEA EAST,Uganda,No,Yes,No,Yes,Partial,No,,No,No,No,No,Partial,No
EMEA EAST,Ukraine,Yes,Yes,Yes,Yes,Complete,No,,Yes,Yes,Yes,No,Complete,No
EMEA EAST,United Arab Emirates,Yes,Yes,Yes,Yes,Complete,No,,Yes,Yes,No,No,Complete,Promote WQS
EMEA EAST,United Republic of Tanzania,Yes,Yes,Yes,Yes,Complete,Medical activities,,No,No,No,No,Complete,No
LATAM,Uruguay,Yes,Yes,Yes,Yes,Complete,No,,Yes,Yes,Yes,No,Complete,No
EMEA EAST,Uzbekistan,Yes,Yes,Yes,Yes,Complete,No,,No,No,No,No,Complete,No
LATAM,Venezuela,No,No,No,No,Partial,No,,No,No,No,No,Partial,No
APAC,Viet Nam,Yes,Yes,No,Yes,Partial,Evaluate WT management,,Yes,Yes,No,No,Partial,Evaluate WQS
EMEA EAST,Yemen,No,Yes,No,Yes,Partial,No,,No,No,No,No,Partial,No
EMEA EAST,Zambia,No,Yes,No,Yes,Partial,No,,No,No,No,No,Partial,No
EMEA EAST,Zimbabwe,No,Yes,No,Yes,Partial,No,,No,No,No,No,Partial,No
"United 
States",United States of America,,,,,,,,,,,,,